[{"name":"image0.png","minX":10,"minY":32,"maxX":40,"maxY":62},{"name":"image1.png","minX":58,"minY":32,"maxX":88,"maxY":62},{"name":"image2.png","minX":106,"minY":32,"maxX":136,"maxY":62},{"name":"image3.png","minX":154,"minY":32,"maxX":184,"maxY":62},{"name":"image4.png","minX":8,"minY":96,"maxX":40,"maxY":126},{"name":"image5.png","minX":56,"minY":96,"maxX":88,"maxY":126},{"name":"image6.png","minX":104,"minY":96,"maxX":136,"maxY":126},{"name":"image7.png","minX":152,"minY":96,"maxX":184,"maxY":126},{"name":"image8.png","minX":8,"minY":160,"maxX":40,"maxY":190},{"name":"image9.png","minX":56,"minY":160,"maxX":88,"maxY":190},{"name":"image10.png","minX":104,"minY":160,"maxX":136,"maxY":190},{"name":"image11.png","minX":152,"minY":160,"maxX":184,"maxY":190},{"name":"image12.png","minX":10,"minY":224,"maxX":40,"maxY":254},{"name":"image13.png","minX":58,"minY":224,"maxX":88,"maxY":254},{"name":"image14.png","minX":106,"minY":224,"maxX":136,"maxY":254},{"name":"image15.png","minX":154,"minY":224,"maxX":184,"maxY":254}]